,City,Latitude,Longitude,Max Temp,Humidity,Cloudiness,Wind Speed,Country,Date
0,Bethel,41.37,-73.41,298.15,60,20,3.1,US,1594919421
1,Monte Patria,-30.69,-70.95,296.29,19,2,2.12,CL,1594919620
2,Chesma,53.81,60.65,295.15,64,0,2.69,RU,1594919620
3,Oriximiná,-1.77,-55.87,306.35,46,0,3.06,BR,1594919620
4,Saskylakh,71.92,114.08,282.98,58,100,9.75,RU,1594919620
5,Butaritari,3.07,172.79,301.72,63,83,3.91,KI,1594919530
6,Miles City,46.41,-105.84,300.15,30,1,2.6,US,1594919362
7,Tazovsky,67.47,78.7,280.41,85,85,4.8,RU,1594919026
8,San Cristobal,7.77,-72.22,305.15,40,20,8.7,VE,1594919610
9,Jamestown,42.1,-79.24,295.93,94,90,2.6,US,1594919490
10,Qaanaaq,77.48,-69.36,280.03,76,67,2.84,GL,1594919620
11,San Patricio,19.22,-104.7,305.15,75,40,5.1,MX,1594919621
12,Busselton,-33.65,115.33,285.37,88,54,5.16,AU,1594919621
13,Lata,40.16,-8.33,311.48,40,0,5.35,PT,1594919621
14,Tuktoyaktuk,69.45,-133.04,285.15,58,75,6.7,CA,1594919552
15,Castelo,-20.6,-41.18,293.33,75,91,1.86,BR,1594919622
16,Havre-St-Pierre,50.23,-63.6,295.15,46,1,5.1,CA,1594919622
17,Severo-Kuril'sk,50.68,156.12,282.63,92,53,2.14,RU,1594919623
18,Nuuk,64.18,-51.72,286.15,71,20,3.1,GL,1594919567
19,Yongzhou,26.46,111.6,299.93,76,100,2.11,CN,1594919623
20,Mbandaka,0.05,18.26,296.92,81,100,0.68,CD,1594919624
21,Kadugannawa,7.25,80.52,294.16,89,100,1.44,LK,1594919624
22,Plettenberg Bay,-34.05,23.37,287.81,45,15,2.81,ZA,1594918778
23,Poum,-20.23,164.02,294.1,60,0,4.62,NC,1594919029
24,Kirakira,-10.45,161.92,297.83,82,84,3.21,SB,1594919624
25,Sheridan,44.83,-106.92,301.48,21,1,6.2,US,1594919059
26,Opuwo,-18.06,13.84,291.92,25,0,6.13,NA,1594919624
27,Hilo,19.73,-155.09,295.15,78,1,3.1,US,1594919625
28,Umluj,25.02,37.27,302.17,70,0,2.27,SA,1594919625
29,Hobart,-42.88,147.33,278.15,86,90,2.6,AU,1594919501
30,Abū Zabad,12.35,29.25,302.01,54,36,2.71,SD,1594919025
31,Kenai,60.55,-151.26,288.71,76,1,3.1,US,1594919036
32,Port Shepstone,-30.74,30.45,288.03,46,0,2.8,ZA,1594919543
33,Shelburne,44.08,-80.2,295.93,88,20,1.92,CA,1594919626
34,Iqaluit,63.75,-68.51,285.15,58,75,5.7,CA,1594919326
35,Kavaratti,10.57,72.64,301.52,81,97,9.18,IN,1594919347
36,Rikitea,-23.12,-134.97,296.21,83,100,1.7,PF,1594919330
37,Bahía Honda,22.9,-83.16,303.5,68,10,3.81,CU,1594919626
38,Bluff,-46.6,168.33,277.04,83,44,1.34,NZ,1594919626
39,Avarua,-21.21,-159.78,294.15,77,17,3.1,CK,1594919626
40,Alofi,-19.06,-169.92,296.15,83,56,3.6,NU,1594919626
41,Manuk Mangkaw,4.8,119.85,301.02,75,100,3.81,PH,1594919626
42,Mataura,-46.19,168.86,277.04,83,32,1.34,NZ,1594919550
43,Carnarvon,-24.87,113.63,292.15,100,90,6.7,AU,1594919463
44,Saint-Philippe,-21.36,55.77,294.15,73,45,3.1,RE,1594919528
45,Kruisfontein,-34.0,24.73,283.4,48,25,2.01,ZA,1594919590
46,Ponta do Sol,32.67,-17.1,296.48,60,1,0.71,PT,1594919627
47,Bulancak,40.94,38.23,298.15,78,75,3.1,TR,1594919627
48,Esperance,-33.87,121.9,287.15,100,75,5.7,AU,1594919390
49,Bredasdorp,-34.53,20.04,283.15,87,74,1.5,ZA,1594919627
50,Pevek,69.7,170.31,278.24,98,100,3.59,RU,1594919627
51,Barrow,71.29,-156.79,275.15,80,75,5.1,US,1594919627
52,Sinnamary,5.38,-52.95,302.53,70,92,4.77,GF,1594919627
53,Chokurdakh,70.63,147.92,276.62,95,100,3.21,RU,1594919562
54,Hong Kong,22.29,114.16,303.15,74,92,2.24,HK,1594919528
55,Kahului,20.89,-156.47,297.04,64,20,1.5,US,1594919628
56,Port Lincoln,-34.73,135.87,284.95,84,0,4.74,AU,1594919365
57,Albany,42.6,-73.97,297.04,61,91,1.34,US,1594919539
58,Vaini,-21.2,-175.2,296.15,88,40,3.1,TO,1594919628
59,Kota Kinabalu,5.97,116.07,298.15,94,20,1.5,MY,1594919628
60,Constitución,-35.33,-72.42,285.7,80,100,4.96,CL,1594919521
61,Marabu,4.41,114.01,298.15,94,40,1.62,MY,1594919628
62,Ilulissat,69.22,-51.1,282.15,70,40,3.1,GL,1594919338
63,Ambon City,-3.7,128.18,298.15,15,54,3.67,ID,1594919393
64,Tuatapere,-46.13,167.68,277.04,83,65,1.34,NZ,1594919629
65,Drabiv,49.96,32.15,293.26,68,95,1.32,UA,1594919629
66,Punta Arenas,-53.15,-70.92,273.15,92,75,3.1,CL,1594919461
67,Kismayo,-0.36,42.55,298.57,72,75,9.68,SO,1594919629
68,Chui,-33.7,-53.46,286.11,68,67,4.02,UY,1594919629
69,Atuona,-9.8,-139.03,299.57,77,1,8.85,PF,1594919630
70,Solwezi,-12.17,26.39,287.77,52,6,3.06,ZM,1594919630
71,Anadyr,64.75,177.48,281.15,100,90,1.0,RU,1594919569
72,San Matías,-16.37,-58.4,309.4,17,1,3.01,BO,1594919464
73,Tura,25.52,90.22,297.59,95,100,2.0,IN,1594919630
74,George Town,5.41,100.34,299.15,94,40,1.18,MY,1594919527
75,Praia da Vitória,38.73,-27.07,295.15,78,75,4.96,PT,1594919063
76,Krutikha,53.96,81.21,292.06,90,29,1.85,RU,1594919630
77,Ushuaia,-54.8,-68.3,273.15,87,24,1.5,AR,1594919421
78,Kuril'sk,45.23,147.88,282.94,91,59,2.56,RU,1594919630
79,Hermanus,-34.42,19.23,284.26,84,44,3.11,ZA,1594919332
80,Alice Town,25.72,-79.3,301.91,73,20,5.83,BS,1594919631
81,Portales,34.19,-103.33,304.26,50,1,2.6,US,1594919631
82,Coahuayana Viejo,18.73,-103.68,297.15,88,75,7.7,MX,1594919060
83,Gravdal,68.12,13.5,288.15,82,40,2.6,NO,1594919631
84,Chokwé,-24.53,32.98,288.26,77,57,2.98,MZ,1594919631
85,Ubari,26.59,12.78,310.99,12,0,6.95,LY,1594919631
86,Ugoofaaru,5.67,73.0,302.1,78,100,4.67,MV,1594919631
87,Port Hardy,50.7,-127.42,288.15,93,90,3.1,CA,1594919399
88,Adrar,20.5,-10.07,311.6,17,40,7.9,MR,1594919631
89,Yellowknife,62.46,-114.35,290.37,59,75,3.1,CA,1594919104
90,Hofn,64.25,-15.21,284.15,87,90,12.3,IS,1594919632
91,Arrondissement de Langres,47.83,5.33,291.15,93,90,2.6,FR,1594919632
92,Abu Dhabi,24.47,54.37,311.15,60,0,5.1,AE,1594918862
93,Asău,46.43,26.4,289.26,93,85,1.48,RO,1594919632
94,Chupa,66.27,33.05,290.07,50,0,1.69,RU,1594919632
95,Kharagpur,22.33,87.33,301.97,79,91,5.46,IN,1594919632
96,Shahrud,36.42,54.98,295.63,52,95,6.39,IR,1594919632
97,Hasaki,35.73,140.83,291.15,93,75,3.1,JP,1594919633
98,Khatanga,71.97,102.5,285.17,74,100,6.67,RU,1594919633
99,Dikson,73.51,80.55,278.47,91,37,1.68,RU,1594919582
100,Ribeira Grande,38.52,-28.7,295.15,68,75,2.6,PT,1594919633
101,Guerrero Negro,27.98,-114.06,297.54,57,5,6.31,MX,1594919633
102,Cam Ranh,11.92,109.16,303.15,84,20,3.6,VN,1594919633
103,San Andrés,12.58,-81.7,304.15,70,20,6.2,CO,1594919530
104,Puerto Baquerizo Moreno,-0.9,-89.6,295.15,73,90,3.6,EC,1594919633
105,Kiryat Gat,31.61,34.76,300.93,64,0,0.45,IL,1594919633
106,Rawson,-43.3,-65.1,280.17,76,100,5.06,AR,1594919580
107,Tyrma,50.08,132.17,291.94,91,71,1.14,RU,1594919633
108,Weiser,44.25,-116.97,301.15,30,1,1.5,US,1594919634
109,Grand Gaube,-20.01,57.66,293.71,75,13,1.34,MU,1594919568
110,Broken Hill,-31.95,141.43,282.15,60,0,2.1,AU,1594919358
111,Katsuura,35.13,140.3,293.71,88,75,4.6,JP,1594919634
112,Fortuna,40.6,-124.16,289.82,87,1,2.6,US,1594919548
113,Sambava,-14.27,50.17,295.88,74,0,7.19,MG,1594919634
114,Okha,53.57,142.95,287.25,86,97,3.11,RU,1594919352
115,Kamenka,51.32,42.77,295.93,47,86,0.65,RU,1594919634
116,Sechura,-5.56,-80.82,295.27,62,63,3.87,PE,1594919634
117,Pailón,-17.65,-62.75,302.15,62,20,5.7,BO,1594919634
118,Mossamedes,-15.2,12.15,295.61,42,0,1.98,AO,1594919634
119,Tasiilaq,65.61,-37.64,282.15,66,20,5.7,GL,1594919634
120,Souillac,-20.52,57.52,295.15,73,75,3.6,MU,1594919634
121,Senec,48.22,17.4,293.71,64,20,5.7,SK,1594919635
122,Pisco,-13.7,-76.22,289.26,93,90,1.5,PE,1594919413
123,Rocha,-34.48,-54.33,286.3,59,60,4.06,UY,1594919635
124,Cidreira,-30.18,-50.21,286.41,76,96,6.15,BR,1594919635
125,Cape Town,-33.93,18.42,287.04,76,0,1.0,ZA,1594919581
126,Saint Paul Harbor,57.79,-152.41,286.15,76,90,2.1,US,1594919347
127,Shenzhen,22.55,114.07,303.15,90,61,3.88,CN,1594919356
128,Westport,41.14,-73.36,298.71,69,1,5.1,US,1594919635
129,Karratha,-20.74,116.85,291.81,66,0,2.04,AU,1594919635
130,Maltahöhe,-24.83,16.98,286.18,33,0,5.98,NA,1594919635
131,Mahébourg,-20.41,57.7,295.15,73,40,2.6,MU,1594919530
132,Nuevo Progreso,23.17,-97.95,304.82,58,17,1.79,MX,1594919053
133,Poconé,-16.26,-56.62,310.31,15,0,2.06,BR,1594919636
134,La Ronge,55.1,-105.28,289.15,72,90,7.2,CA,1594919636
135,Khorixas,-20.37,14.97,293.2,21,0,5.17,NA,1594919636
136,Los Llanos de Aridane,28.66,-17.92,297.15,64,40,5.7,ES,1594919636
137,Yulara,-25.24,130.99,280.15,48,0,2.6,AU,1594919395
138,El Retorno,2.33,-72.63,304.24,53,5,1.78,CO,1594919636
139,Faanui,-16.48,-151.75,297.14,89,100,6.67,PF,1594919636
140,Morant Bay,17.88,-76.41,303.15,74,20,8.7,JM,1594919396
141,Solano,38.23,-121.95,294.82,63,1,7.7,US,1594919637
142,Arlit,18.74,7.39,308.69,26,0,12.12,NE,1594919637
143,Biu,10.61,12.19,296.94,86,92,1.33,NG,1594919637
144,Sibolga,1.74,98.78,297.98,84,77,1.44,ID,1594919637
145,Port Alfred,-33.59,26.89,287.59,45,1,2.72,ZA,1594919537
146,Kapaa,22.08,-159.32,299.15,78,90,4.6,US,1594919539
147,Matara,5.95,80.54,298.96,88,100,2.51,LK,1594919637
148,Novobirilyussy,56.95,90.67,290.64,97,77,2.56,RU,1594919637
149,Kiamba,5.99,124.62,298.83,79,88,1.5,PH,1594919637
150,Eureka,40.8,-124.16,289.82,100,0,2.07,US,1594919637
151,Plouzané,48.38,-4.62,292.15,82,90,3.6,FR,1594919637
152,Port-Gentil,-0.72,8.78,299.15,78,40,6.6,GA,1594919638
153,Mar del Plata,-38.0,-57.56,285.37,50,99,5.1,AR,1594919638
154,Morgan City,29.7,-91.21,305.15,70,20,3.1,US,1594919638
155,Puerto Ayora,-0.74,-90.35,294.26,84,72,4.35,EC,1594919638
156,Castro,-24.79,-50.01,294.45,55,0,2.27,BR,1594919571
157,Saint-Pierre,-21.34,55.48,294.15,73,39,3.1,RE,1594919638
158,Salalah,17.02,54.09,302.15,89,75,2.6,OM,1594919543
159,Aksu,41.12,80.26,300.96,26,45,1.84,CN,1594919503
160,Fairbanks,64.84,-147.72,286.48,93,90,1.29,US,1594919638
161,Nemuro,43.32,145.57,286.32,91,64,2.89,JP,1594919638
162,Lompoc,34.64,-120.46,289.15,82,37,1.5,US,1594919639
163,Luanda,-8.84,13.23,297.15,78,20,4.6,AO,1594919227
164,Nikolskoye,59.7,30.79,290.15,63,90,3.0,RU,1594919550
165,Tondano,1.3,124.91,297.15,94,40,0.5,ID,1594919639
166,Broome,42.25,-75.83,298.15,77,90,5.7,US,1594919639
167,São Filipe,14.9,-24.5,297.7,80,27,4.39,CV,1594919544
168,Hithadhoo,-0.6,73.08,302.4,70,97,2.25,MV,1594919639
169,Ostrovnoy,68.05,39.51,287.95,55,77,4.67,RU,1594919639
170,Richards Bay,-28.78,32.04,287.62,71,0,1.51,ZA,1594919639
171,Keti Bandar,24.14,67.45,303.29,75,100,3.11,PK,1594919640
172,Usinsk,65.99,57.53,286.98,69,1,5.96,RU,1594919640
173,Kutum,14.2,24.67,302.61,35,89,3.9,SD,1594918839
174,Colac,-38.33,143.58,278.15,92,0,0.97,AU,1594919578
175,San Marcos,33.14,-117.17,295.93,64,75,3.1,US,1594919543
176,Dolgorukovo,52.32,38.35,286.9,84,98,1.91,RU,1594919640
177,Tabou,4.42,-7.35,298.78,69,99,5.09,CI,1594919640
178,Airai,-8.93,125.41,287.4,100,40,1.32,TL,1594919543
179,Saquarema,-22.92,-42.51,294.15,68,75,2.6,BR,1594919641
180,Thompson,55.74,-97.86,290.15,77,75,9.3,CA,1594919641
181,Ahipara,-35.17,173.17,287.53,92,100,3.34,NZ,1594919641
182,Sioux Lookout,50.1,-91.92,295.15,60,75,4.6,CA,1594919641
183,San Rafael,-34.62,-68.33,289.3,29,21,0.81,AR,1594919641
184,Leningradskiy,69.38,178.42,278.31,91,99,4.6,RU,1594919568
185,Abalak,58.13,68.59,297.48,67,0,2.83,RU,1594919642
186,Virginia Beach,36.85,-75.98,303.15,62,40,4.1,US,1594919061
187,East London,-33.02,27.91,289.17,37,0,2.58,ZA,1594919642
188,Wanning,18.8,110.4,301.23,86,72,4.58,CN,1594919642
189,Caibarién,22.52,-79.47,299.15,83,75,1.5,CU,1594919642
190,Cockburn Town,21.46,-71.14,304.15,62,40,6.2,TC,1594919527
191,Los Algarrobos,8.5,-82.43,303.15,70,40,3.1,PA,1594919643
192,Byron Bay,-28.65,153.62,283.71,76,15,3.1,AU,1594919366
193,Saint-Augustin,51.23,-58.65,295.91,38,0,5.17,CA,1594919643
194,Klyuchi,52.27,79.17,294.05,70,75,4.63,RU,1594919387
195,Yeppoon,-23.13,150.73,281.15,61,0,1.5,AU,1594919643
196,Saint-François,46.42,3.91,293.71,64,90,2.1,FR,1594919643
197,Issaquah,47.53,-122.03,296.48,72,20,2.6,US,1594919488
198,Shagonar,51.53,92.8,288.4,55,86,1.07,RU,1594919644
199,Baijiantan,45.63,85.18,304.78,20,0,3.23,CN,1594919644
200,Mpongwe,-13.51,28.16,286.07,58,0,3.02,ZM,1594919644
201,Marang,5.21,103.21,299.15,88,20,1.5,MY,1594919644
202,Torbay,47.67,-52.73,283.15,100,90,9.3,CA,1594919644
203,Krasnosel'kup,65.7,82.47,282.69,74,80,5.9,RU,1594919644
204,Bandiagara,14.35,-3.61,304.61,43,87,2.69,ML,1594919644
205,Bambous Virieux,-20.34,57.76,295.15,73,75,3.6,MU,1594919645
206,Kalmar,56.66,16.36,294.26,60,11,4.6,SE,1594919594
207,Valle de Banderas,20.8,-105.23,305.15,66,40,1.62,MX,1594919645
208,Kamloops,50.67,-120.32,292.04,72,75,4.1,CA,1594919366
209,Albury,-36.08,146.92,275.93,100,0,1.0,AU,1594919404
210,Maceió,-9.67,-35.74,297.15,83,75,8.7,BR,1594919595
211,Palmer,42.16,-72.33,298.71,47,75,2.1,US,1594919351
212,Xiongzhou,25.12,114.3,299.32,80,100,1.32,CN,1594919645
213,Liverpool,53.41,-2.98,293.15,77,75,5.1,GB,1594919054
214,Kouango,4.99,19.96,296.29,93,97,1.2,CF,1594919646
215,Martapura,-3.42,114.85,296.28,96,77,0.65,ID,1594919056
216,Petropavlovsk-Kamchatskiy,53.05,158.65,285.15,100,90,0.38,RU,1594919646
217,Goderich,43.75,-81.72,295.37,93,96,0.89,CA,1594919348
218,Srednekolymsk,67.45,153.68,280.89,62,87,1.45,RU,1594919646
219,Husavik,66.04,-17.34,285.15,93,75,5.7,IS,1594919366
220,Talara,-4.58,-81.27,293.15,77,90,6.7,PE,1594919647
221,Ancud,-41.87,-73.82,285.37,100,90,6.7,CL,1594919647
222,Matamba,-8.98,33.97,280.99,76,68,4.24,TZ,1594919647
223,Latung,5.5,120.88,301.33,75,100,4.41,PH,1594919647
224,Ketchikan,55.34,-131.65,286.15,100,90,0.58,US,1594919647
225,Vao,-22.67,167.48,294.07,63,79,6.45,NC,1594919648
226,Bubaque,11.28,-15.83,299.05,87,100,8.94,GW,1594919601
227,Nanortalik,60.14,-45.24,283.04,54,23,5.21,GL,1594919354
228,Berlevåg,70.86,29.09,287.15,82,75,1.0,NO,1594919648
229,Cherskiy,68.75,161.3,280.12,73,71,1.79,RU,1594919351
230,Olinda,-8.01,-34.86,301.15,69,40,6.2,BR,1594919589
231,Aksha,50.28,113.29,286.86,85,100,4.45,RU,1594919648
232,Isangel,-19.55,169.27,294.75,79,3,1.21,VU,1594919512
233,New Norfolk,-42.78,147.06,278.15,83,5,0.98,AU,1594919529
234,Cabo San Lucas,22.89,-109.91,306.48,45,5,2.6,MX,1594919430
235,Mazyr,52.05,29.25,292.71,77,82,1.77,BY,1594919649
236,Staunton,38.15,-79.07,297.59,100,90,3.1,US,1594919649
237,Bathsheba,13.22,-59.52,304.15,62,20,6.2,BB,1594919649
238,Mayo,38.89,-76.51,302.04,74,75,5.7,US,1594919051
239,Kavieng,-2.57,150.8,300.72,72,4,1.01,PG,1594919649
240,Aklavik,68.22,-135.01,286.15,87,75,4.1,CA,1594919577
241,Qaqortoq,60.72,-46.03,289.15,48,40,2.6,GL,1594919399
242,Tromsø,69.65,18.96,289.15,72,40,2.6,NO,1594919649
243,Stolin,51.89,26.85,293.75,70,63,1.88,BY,1594919650
244,Evensk,61.95,159.23,283.46,95,98,0.87,RU,1594919650
245,Stromness,58.97,-3.3,290.15,88,100,5.7,GB,1594919650
246,Roanoke Rapids,36.46,-77.65,305.93,46,1,4.1,US,1594919650
247,Longyearbyen,78.22,15.64,280.15,87,75,1.0,SJ,1594919650
248,Parksville,49.32,-124.32,293.71,80,94,1.34,CA,1594919651
249,Sept-Îles,50.2,-66.38,294.26,52,75,4.6,CA,1594919651
250,Anito,12.45,125.29,300.4,84,4,1.85,PH,1594919651
251,Lødingen,68.41,16.0,292.15,59,88,5.7,NO,1594919651
252,Skegness,53.14,0.34,295.15,64,75,4.6,GB,1594919651
253,Gazli,40.13,63.45,305.42,12,0,5.36,UZ,1594919651
254,Malbork,54.04,19.03,290.15,72,20,3.1,PL,1594919651
255,Lagoa,39.05,-27.98,293.19,80,100,6.06,PT,1594919651
256,Saint-Nazaire,47.28,-2.2,296.15,64,90,5.1,FR,1594919651
257,Yatou,37.15,122.38,292.78,93,0,2.43,CN,1594919651
258,Lebu,-37.62,-73.65,285.41,86,100,7.69,CL,1594919547
259,Neryungri,56.67,124.65,289.76,79,2,1.1,RU,1594919652
260,North Bend,43.41,-124.22,289.82,82,75,5.7,US,1594919652
261,Darhan,49.49,105.92,283.15,75,65,1.49,MN,1594919652
262,La Providencia,28.72,-111.58,310.93,38,3,3.13,MX,1594919652
263,Half Moon Bay,37.46,-122.43,292.04,82,90,2.1,US,1594919652
264,Zaragoza,41.66,-0.88,302.59,35,16,8.7,ES,1594919479
265,Clyde River,70.47,-68.59,289.15,59,75,2.1,CA,1594919652
266,Tomatlán,19.93,-105.25,306.89,53,100,1.92,MX,1594919652
267,Nantucket,41.28,-70.1,294.15,60,1,6.2,US,1594919462
268,Vila Franca do Campo,37.72,-25.43,296.15,64,75,6.7,PT,1594919652
269,Sobolevo,54.43,31.9,288.36,88,84,0.87,RU,1594919653
270,Tendūkheda,23.4,79.55,301.86,70,46,2.8,IN,1594919653
271,Tanabe,33.73,135.37,296.48,90,100,1.83,JP,1594919653
272,Saint George,37.1,-113.58,308.15,16,1,3.6,US,1594919653
273,Kama,56.31,54.09,293.42,90,93,3.83,RU,1594919653
274,Minyar,55.07,57.55,296.62,62,9,1.4,RU,1594919653
275,Muncie,40.19,-85.39,296.15,88,90,5.7,US,1594919583
276,Bānsi,27.18,82.93,303.83,70,3,3.41,IN,1594919653
277,Narsaq,60.92,-46.05,290.15,42,40,2.1,GL,1594919653
278,‘Ewa Beach,21.32,-158.01,298.15,83,1,1.5,US,1594919653
279,Tremedal,-14.98,-41.41,300.51,40,0,5.38,BR,1594919654
280,Teshie,5.58,-0.11,300.15,74,40,7.7,GH,1594919654
281,Kibala,9.11,18.35,297.15,83,40,2.1,TD,1594919654
282,Limbang,4.75,115.0,298.15,88,75,1.0,MY,1594919654
283,Naryan-Mar,67.67,53.09,284.38,75,52,4.39,RU,1594919589
284,Upernavik,72.79,-56.15,280.4,82,97,3.12,GL,1594919385
285,Arraial do Cabo,-22.97,-42.03,294.15,64,75,2.6,BR,1594919654
286,Jinan,36.67,117.0,302.04,61,68,3.7,CN,1594919654
287,Wanxian,30.8,108.39,297.38,88,100,2.54,CN,1594919654
288,Rosehearty,57.7,-2.11,294.26,74,92,0.89,GB,1594919654
289,Nyimba,-14.56,30.81,286.74,53,19,2.13,ZM,1594919655
290,Carutapera,-1.2,-46.02,302.33,71,3,4.04,BR,1594919655
291,Vestmanna,62.16,-7.17,284.15,93,56,7.2,FO,1594919600
292,Sumbe,-11.21,13.84,297.15,81,2,2.1,AO,1594919655
293,Taksimo,56.34,114.88,287.24,78,96,2.14,RU,1594919655
294,Acapulco de Juárez,16.86,-99.89,305.15,55,5,2.1,MX,1594919473
295,Pacific Grove,36.62,-121.92,289.15,77,90,2.1,US,1594919471
296,Luwingu,-10.26,29.93,287.88,50,0,3.4,ZM,1594919655
297,Hambantota,6.12,81.12,301.15,74,75,3.6,LK,1594919655
298,Beloha,-25.17,45.05,288.99,75,25,3.42,MG,1594919655
299,Kantābānji,20.48,82.92,299.93,79,92,5.26,IN,1594919655
300,Platteville,42.73,-90.48,295.15,83,75,1.17,US,1594919445
301,Macon,39.87,-88.97,299.82,78,75,3.1,US,1594919656
302,San Quintín,30.48,-115.95,294.73,71,88,4.84,MX,1594919656
303,Norman Wells,65.28,-126.83,289.15,93,75,3.1,CA,1594919656
304,Sitka,57.05,-135.33,287.15,82,75,5.1,US,1594919585
305,Senador José Porfírio,-2.59,-51.95,305.58,47,2,0.68,BR,1594919656
306,Geraldton,-28.77,114.6,290.15,93,90,4.6,AU,1594919657
307,Bilma,18.69,12.92,311.33,22,41,4.17,NE,1594919657
308,Dunedin,-45.87,170.5,278.15,74,88,1.34,NZ,1594919657
309,Provideniya,64.38,-173.3,283.83,80,84,0.15,RU,1594919657
310,Farafangana,-22.82,47.83,292.37,72,8,6.07,MG,1594919657
311,Hamilton,39.18,-84.53,304.82,62,75,6.2,US,1594919657
312,Anloga,5.79,0.9,298.15,83,20,5.7,GH,1594919657
313,Lüderitz,-26.65,15.16,298.15,26,0,3.6,NA,1594919658
314,Imbituba,-28.24,-48.67,291.15,55,20,6.2,BR,1594919658
315,Río Gallegos,-51.62,-69.22,270.15,92,90,4.1,AR,1594919658
316,Tomé,-36.62,-72.95,285.15,87,90,7.2,CL,1594919658
317,Malanje,-9.54,16.34,295.83,21,1,1.53,AO,1594919658
318,Kupang,-10.17,123.58,296.19,85,25,2.78,ID,1594919578
319,Moose Factory,51.26,-80.61,299.15,54,1,7.7,CA,1594919401
320,São João da Barra,-21.64,-41.05,297.15,64,75,3.6,BR,1594919577
321,Tessalit,20.2,1.01,308.66,24,65,5.93,ML,1594919590
322,Formosa,-26.18,-58.18,294.15,64,80,3.6,AR,1594919448
323,Hawkesbury,45.6,-74.62,301.48,61,75,3.6,CA,1594919658
324,Anzio,41.49,12.62,299.82,61,0,3.13,IT,1594919658
325,Honningsvåg,70.98,25.97,284.15,93,100,1.0,NO,1594919659
326,Nador,35.17,-2.93,300.15,74,40,4.6,MA,1594919659
327,Neuquén,-38.95,-68.06,280.15,75,75,1.5,AR,1594919659
328,Saldanha,-33.01,17.94,288.69,58,0,4.3,ZA,1594919659
329,Roald,62.58,6.13,290.93,77,20,5.7,NO,1594919503
330,Shaunavon,49.65,-108.42,296.15,38,38,2.8,CA,1594919579
331,Okhotsk,59.38,143.3,286.5,91,99,2.99,RU,1594919659
332,Tigil',57.8,158.67,285.24,95,100,1.7,RU,1594919659
333,São Félix do Xingu,-6.64,-51.99,307.68,30,6,2.2,BR,1594919660
334,Kaitangata,-46.28,169.85,277.59,71,41,0.89,NZ,1594919660
335,Mount Isa,-20.73,139.5,284.15,34,0,3.1,AU,1594919660
336,Nūrpur,29.15,78.42,306.32,49,20,4.08,IN,1594919660
337,Itarema,-2.92,-39.92,303.9,51,0,6.46,BR,1594919660
338,Grindavik,63.84,-22.43,286.15,76,75,6.7,IS,1594919660
339,Kasongo-Lunda,-6.47,16.82,301.94,21,0,0.79,CD,1594919660
340,Starovelichkovskaya,45.43,38.73,300.93,57,70,4.86,RU,1594919661
341,Nabire,-3.37,135.48,297.31,90,22,1.72,ID,1594919553
342,Holme,56.11,10.17,292.15,68,62,1.0,DK,1594919661
343,Black River,18.03,-77.85,305.93,70,20,8.2,JM,1594919661
344,Meulaboh,4.14,96.13,298.54,89,86,2.02,ID,1594919661
345,Kununurra,-15.77,128.73,287.15,31,0,3.7,AU,1594919661
346,Boa Vista,2.82,-60.67,304.15,58,75,2.6,BR,1594919661
347,Cervo,43.67,-7.41,294.26,68,90,4.02,ES,1594919661
348,Abu Samrah,35.3,37.18,302.02,33,0,6.16,SY,1594919586
349,Ostashkov,57.15,33.11,285.61,96,100,2.77,RU,1594919662
350,Kristinestad,62.27,21.38,290.54,67,3,2.94,FI,1594919662
351,Magaria,13.0,8.91,306.76,38,73,2.01,NE,1594919662
352,Cap Malheureux,-19.98,57.61,293.71,75,14,0.89,MU,1594919662
353,Tulun,54.56,100.58,283.16,72,99,2.14,RU,1594919662
354,Flinders,-34.58,150.86,285.37,78,61,5.36,AU,1594919560
355,Mbumi,-7.91,39.21,295.13,71,39,1.75,TZ,1594919662
356,Mount Gambier,-37.83,140.77,275.15,93,5,2.1,AU,1594919662
357,Chissamba,-12.17,17.33,291.29,28,0,2.36,AO,1594919662
358,Causapscal,48.35,-67.23,296.47,24,17,3.02,CA,1594919663
359,Bhatkal,13.97,74.57,299.56,85,100,5.25,IN,1594919663
360,Ust-Maya,60.42,134.53,288.4,76,57,0.36,RU,1594919596
361,Laguna,38.42,-121.42,295.93,56,5,2.6,US,1594919499
362,Fujin,47.26,132.03,294.44,88,16,2.78,CN,1594919663
363,Marsá Maţrūḩ,31.35,27.25,300.15,65,0,4.6,EG,1594919663
364,Teluknaga,-6.1,106.64,300.93,83,40,3.1,ID,1594919663
365,Kuching,1.55,110.33,299.15,94,20,0.81,MY,1594919664
366,Comodoro Rivadavia,-45.87,-67.5,277.15,86,90,1.48,AR,1594919664
367,Bereda,43.27,-7.54,295.37,66,85,8.49,ES,1594919664
368,Bac Lieu,9.29,105.72,300.18,81,56,1.73,VN,1594919596
369,Waiuku,-37.25,174.75,284.15,87,93,4.6,NZ,1594919664
370,Lopez,13.88,122.26,298.88,89,74,1.02,PH,1594919664
371,Okakarara,-20.58,17.43,287.13,35,0,4.42,NA,1594919664
372,Waspán,14.74,-83.97,304.15,70,75,2.09,NI,1594919664
373,Nouadhibou,20.93,-17.03,297.15,73,38,5.1,MR,1594919664
374,Amuntai,-2.42,115.25,296.44,91,99,0.33,ID,1594919665
375,Puerto Escondido,15.85,-97.07,303.15,62,40,1.5,MX,1594919665
376,Yantarnyy,54.87,19.94,291.15,93,40,3.0,RU,1594919665
377,Lavrentiya,65.58,-171.0,282.1,81,95,0.97,RU,1594919665
378,Singkang,2.1,102.8,299.15,88,40,1.5,MY,1594919665
379,Port Hedland,-20.32,118.57,287.15,71,0,3.1,AU,1594919665
380,Touros,-5.2,-35.46,297.15,94,75,4.1,BR,1594919665
381,Matagami,49.75,-77.63,293.15,88,75,3.1,CA,1594919666
382,Labuhan,-6.88,112.21,298.64,81,0,3.79,ID,1594919666
383,Iberia,29.95,-91.75,306.15,59,40,3.1,US,1594919666
384,Konëvo,62.12,39.32,284.33,97,100,3.98,RU,1594919666
385,Kiruna,67.86,20.23,292.15,45,45,2.1,SE,1594919597
386,Champerico,14.3,-91.92,304.15,62,75,1.23,GT,1594919666
387,Cayenne,4.93,-52.33,304.15,62,43,2.6,GF,1594919666
388,Trat,12.5,102.5,298.5,91,84,0.46,TH,1594919667
389,Te Anau,-45.42,167.72,272.04,96,23,0.35,NZ,1594919667
390,Beira,-19.84,34.84,294.15,64,20,6.7,MZ,1594919561
391,Esim,4.87,-2.24,298.33,77,100,3.7,GH,1594919667
392,Kampong Cham,11.99,105.46,299.03,89,98,3.2,KH,1594919668
393,Larap,14.3,122.65,299.3,88,39,1.89,PH,1594919668
394,Le Tampon,-21.27,55.52,294.15,73,42,3.1,RE,1594919668
395,Henties Bay,-22.12,14.28,291.49,33,0,2.87,NA,1594919374
396,Athabasca,54.72,-113.29,292.33,72,100,3.73,CA,1594919453
397,Nome,64.5,-165.41,284.26,87,90,1.5,US,1594919438
398,Brae,60.4,-1.35,286.15,100,75,6.2,GB,1594919668
399,Auki,-8.77,160.7,297.17,83,44,2.22,SB,1594919669
400,Bartica,6.4,-58.62,299.15,88,75,1.0,GY,1594919669
401,Praxédis Guerrero,31.37,-106.02,307.15,29,20,4.1,MX,1594919669
402,Kysyl-Syr,63.9,122.76,290.91,94,77,2.84,RU,1594919669
403,Vila do Maio,15.13,-23.22,302.15,58,40,7.7,CV,1594919669
404,Tolyatti,53.53,49.35,297.15,50,20,1.0,RU,1594919669
405,Samaná,19.21,-69.34,304.15,74,20,4.1,DO,1594919669
406,Jiayuguan City,39.82,98.3,295.47,29,55,0.85,CN,1594919670
407,Sarāhan,31.52,77.8,291.08,74,37,0.3,IN,1594919670
408,Ürümqi,43.8,87.6,300.15,34,3,2.0,CN,1594919588
409,Vestmannaeyjar,63.44,-20.27,283.15,93,90,11.3,IS,1594919602
410,Dwārka,22.24,68.97,302.25,74,72,4.05,IN,1594919385
411,Dubbo,-32.25,148.62,275.15,93,0,2.1,AU,1594919670
412,Puerto Limón,10.0,-83.03,303.15,70,90,2.1,CR,1594919670
413,Madaoua,14.07,5.96,308.1,34,31,3.22,NE,1594919670
414,Floriano,-6.77,-43.02,308.1,29,0,5.24,BR,1594919644
415,Ola,59.58,151.28,285.18,91,96,0.95,RU,1594919670
416,Staritsa,56.51,34.94,286.66,95,100,3.46,RU,1594919671
417,Khani,41.96,42.96,299.15,74,90,4.1,GE,1594919671
418,Aden,12.78,45.04,304.99,58,79,8.51,YE,1594919671
419,Oistins,13.07,-59.53,304.15,62,20,6.2,BB,1594919671
420,Pospelikha,51.95,81.77,292.23,69,1,6.05,RU,1594919671
421,Camacha,33.08,-16.33,296.15,64,20,5.7,PT,1594919671
422,Hualmay,-11.1,-77.61,292.28,66,21,4.55,PE,1594919592
423,Thayetmyo,19.32,95.18,298.7,88,95,2.29,MM,1594919671
424,Lorengau,-2.02,147.27,301.01,70,61,1.52,PG,1594919672
425,Wajir,1.75,40.06,304.15,38,75,4.6,KE,1594919672
426,Temryuk,45.27,37.38,298.15,53,20,7.0,RU,1594919672
427,Kirkland Lake,48.14,-80.04,295.15,78,75,2.1,CA,1594919672
428,Praia,14.92,-23.51,302.15,58,40,7.7,CV,1594919672
429,Mahabalipuram,12.63,80.17,301.15,88,75,1.0,IN,1594919672
430,Wattegama,6.8,81.48,301.15,74,75,3.6,LK,1594919672
431,Beringovskiy,63.05,179.32,283.34,82,60,1.81,RU,1594919672
432,Coyhaique,-45.58,-72.07,273.15,85,90,1.0,CL,1594919394
433,Aykhal,66.0,111.5,285.15,71,80,3.0,RU,1594919672
434,Tiznit Province,29.58,-9.5,304.95,33,58,2.72,MA,1594919673
435,Rustenburg,-25.67,27.24,283.69,35,0,1.32,ZA,1594919673
436,Yar-Sale,66.83,70.83,283.99,72,87,1.43,RU,1594919673
437,Codrington,-38.27,141.97,277.62,92,0,3.65,AU,1594919375
438,Giohar,2.78,45.5,297.94,72,98,8.48,SO,1594919673
439,Avera,33.19,-82.53,306.15,52,1,3.89,US,1594919673
440,Sørland,67.67,12.69,287.15,82,75,2.1,NO,1594919673
441,Coquimbo,-29.95,-71.34,288.15,67,0,2.1,CL,1594919466
442,Jurm,36.86,70.83,297.05,30,85,1.14,AF,1594919674
443,Aketi,2.74,23.78,296.5,94,96,0.93,CD,1594919674
444,Sadove,46.25,30.18,296.15,56,82,4.0,UA,1594919674
445,Mikhaylovka,50.06,43.24,295.93,43,7,1.66,RU,1594919674
446,Magistral'nyy,56.17,107.45,282.78,71,57,1.79,RU,1594919675
447,Samarai,-10.62,150.67,298.05,87,96,6.66,PG,1594919675
448,Dongsheng,39.82,109.98,292.59,71,100,3.03,CN,1594919675
449,Khorinsk,52.17,109.77,284.58,73,45,3.05,RU,1594919675
450,Nakhon Si Thammarat,8.43,99.97,298.6,87,86,1.06,TH,1594919675
451,Altay,47.87,88.12,294.77,36,38,3.44,CN,1594919675
452,Port Elizabeth,-33.92,25.57,285.15,71,23,2.04,ZA,1594919556
453,Ulundi,-28.34,31.42,284.31,45,0,0.74,ZA,1594919675
454,Walvis Bay,-22.96,14.51,302.15,6,0,6.7,NA,1594919675
455,Sorong,-0.88,131.25,298.82,83,41,1.44,ID,1594919675
456,Buraidah,26.33,43.98,312.15,16,52,3.6,SA,1594919676
457,Espinosa,-14.93,-42.82,302.32,28,0,5.61,BR,1594919676
458,Tsuruga,35.65,136.06,295.93,91,93,0.89,JP,1594919676
459,Tilichiki,60.47,166.1,282.66,100,100,1.14,RU,1594919676
460,Kharabali,47.42,47.26,299.99,28,0,4.93,RU,1594919676
461,São João del Rei,-21.14,-44.26,289.15,77,90,3.1,BR,1594919676
462,Huarmey,-10.07,-78.15,292.89,65,28,4.25,PE,1594919677
463,Shelui,-4.37,34.2,295.42,46,49,5.88,TZ,1594919677
464,Aransas Pass,27.91,-97.15,306.15,66,1,6.2,US,1594919677
465,Leeton,-34.57,146.4,273.15,91,90,0.97,AU,1594919677
466,Kipini,-2.53,40.53,298.29,67,71,12.36,KE,1594919677
467,Praia,14.92,-23.51,302.15,58,40,7.7,CV,1594919677
468,San Nicolas,18.17,120.6,300.24,77,34,1.9,PH,1594919677
469,Fort Nelson,58.81,-122.7,289.15,82,90,2.43,CA,1594919677
470,Egvekinot,66.32,-179.17,282.51,91,72,0.66,RU,1594919678
471,Tumaco,1.8,-78.82,299.83,85,51,3.55,CO,1594919678
472,Manta,-0.95,-80.73,298.92,72,89,3.28,EC,1594919428
473,Atkarsk,51.87,45.01,290.72,69,8,0.9,RU,1594919678
474,Merrill,45.18,-89.68,296.48,60,1,1.5,US,1594919678
475,Sampit,-2.53,112.95,296.31,98,45,1.03,ID,1594919678
476,Olafsvik,64.89,-23.71,282.98,81,100,8.53,IS,1594919679
477,Le Port,-20.94,55.29,295.15,73,64,2.6,RE,1594919514
478,Gornyy,55.12,83.91,292.72,97,0,4.46,RU,1594919679
479,Bilibino,68.05,166.44,280.59,91,100,1.17,RU,1594919679
480,Rohnert Park,38.34,-122.7,290.37,93,90,4.1,US,1594919392
481,Zomin,39.96,68.4,301.96,25,34,2.35,UZ,1594919679
482,Talaya,61.38,152.75,286.22,85,100,2.55,RU,1594919679
483,Pizhanka,57.46,48.54,291.99,77,50,2.96,RU,1594919680
484,Namatanai,-3.67,152.43,299.24,81,7,1.67,PG,1594919680
485,Senanga,-16.12,23.27,290.42,37,0,3.25,ZM,1594919680
486,Mildura,-34.2,142.15,276.15,100,0,1.5,AU,1594919430
487,Pinerolo,44.88,7.35,302.04,52,15,0.68,IT,1594919680
488,Topchikha,52.82,83.12,293.15,60,78,2.0,RU,1594919680
489,Viet Tri,21.3,105.43,303.15,74,69,3.6,VN,1594919681
490,Quatre Cocos,-20.21,57.76,295.15,73,75,3.6,MU,1594919681
491,Valle Hermoso,25.67,-97.83,307.15,63,75,6.2,MX,1594919681
492,Zhicheng,30.3,111.5,296.48,95,100,0.73,CN,1594919681
493,Belyy Yar,53.6,91.39,291.15,63,29,3.0,RU,1594919681
494,Nakatsugawa,35.48,137.5,297.04,83,75,1.2,JP,1594919681
495,Baker City,44.77,-117.83,301.15,28,1,0.95,US,1594919682
496,Dem'yanovo,60.35,47.08,291.8,78,57,1.47,RU,1594919682
497,Kroya,-7.63,109.25,298.18,90,63,1.29,ID,1594919407
498,Muli,2.92,73.57,302.52,68,100,1.58,MV,1594919682
499,Raja,8.46,25.68,296.07,91,83,1.47,SS,1594919682
500,Hede,33.77,120.25,292.1,91,34,2.61,CN,1594919682
501,Luena,-11.78,19.92,290.45,29,0,2.91,AO,1594919682
502,Kholtoson,50.3,103.31,278.85,77,29,0.85,RU,1594919682
503,High Level,58.52,-117.14,289.15,77,90,5.7,CA,1594919683
504,Bosaso,11.28,49.18,307.92,42,61,3.12,SO,1594919492
505,Mthatha,-31.59,28.78,284.15,37,0,1.5,ZA,1594919683
506,Zhigansk,66.77,123.37,290.09,87,100,5.19,RU,1594919683
507,Seoul,37.57,126.98,296.15,78,1,1.39,KR,1594919394
508,Carbonia,39.17,8.52,301.15,42,20,8.7,IT,1594919683
509,Waliso,8.53,37.98,286.93,93,92,0.56,ET,1594919683
510,Garissa,-0.45,39.64,298.42,57,100,11.23,KE,1594919684
511,Chadan,51.28,91.58,286.97,66,61,1.1,RU,1594919684
512,Koutiala,12.39,-5.46,299.31,73,95,5.62,ML,1594919684
513,Dzaoudzi,-12.79,45.27,298.15,73,40,8.2,YT,1594919684
514,Tuni,17.35,82.55,299.56,85,48,4.07,IN,1594919684
515,Perris,33.78,-117.23,299.26,53,1,1.5,US,1594919654
516,Baturaja,-4.13,104.17,297.15,95,75,1.02,ID,1594919684
517,Pangnirtung,66.15,-65.71,292.15,45,40,1.5,CA,1594919467
518,Nabisar,25.07,69.64,305.48,51,100,6.22,PK,1594919684
519,Przhevalskoye,55.51,31.85,287.84,81,87,1.35,RU,1594919684
520,Klaksvík,62.23,-6.59,284.15,93,56,7.2,FO,1594919685
521,Korla,41.76,86.15,300.23,27,7,6.21,CN,1594919685
522,Puerto del Rosario,28.5,-13.86,302.15,62,18,8.2,ES,1594919547
523,Dekar,-21.53,21.93,284.3,44,0,4.01,BW,1594919685
524,Lázaro Cárdenas,17.96,-102.2,303.95,69,85,0.55,MX,1594919685
525,Ginir,7.13,40.7,286.94,89,52,5.03,ET,1594919685
526,Knysna,-34.04,23.05,284.15,81,13,2.6,ZA,1594919685
527,Pangai,-19.8,-174.35,297.15,88,20,7.2,TO,1594919685
528,Udachny,66.42,112.4,285.15,71,100,3.0,RU,1594919686
529,Solnechnyy,50.72,136.63,293.32,84,63,1.07,RU,1594919541
530,Longos,16.11,120.4,299.84,81,89,2.36,PH,1594919686
531,Jizan,17.33,42.67,308.15,47,40,3.6,SA,1594919686
532,Alpena,45.06,-83.43,297.04,78,90,3.1,US,1594919686
533,Lahaina,20.88,-156.68,297.15,73,75,2.1,US,1594919686
534,Vanimo,-2.67,141.3,299.13,81,89,1.24,PG,1594919571
535,Requena,39.49,-1.1,300.93,56,16,4.27,ES,1594919686
536,Skjervøy,70.03,20.97,289.15,72,40,1.0,NO,1594919686
537,Hobyo,5.35,48.53,299.67,71,98,12.71,SO,1594919687
538,Wewak,-3.55,143.63,299.57,79,87,0.92,PG,1594919687
539,Amazar,53.86,120.88,291.82,71,24,0.72,RU,1594919687
540,Wanaka,-44.7,169.15,272.04,84,17,0.89,NZ,1594919687
541,Malakal,9.53,31.66,297.4,89,88,1.56,SS,1594919687
542,Mana,5.66,-53.78,303.73,60,96,4.33,GF,1594919687
543,Distrikt Brokopondo,4.75,-55.17,303.85,53,100,0.89,SR,1594919687
544,Oktyabr'skoye,43.06,44.74,299.15,57,75,5.0,RU,1594919688
545,Bay City,43.59,-83.89,294.26,83,90,3.1,US,1594919436
546,Obihiro,42.92,143.2,286.0,91,76,0.44,JP,1594919688
547,Rio Grande,-32.03,-52.1,284.15,93,100,4.6,BR,1594919483
548,Selfoss,63.93,-21.0,285.93,85,100,4.92,IS,1594919688
549,Qasigiannguit,68.82,-51.19,282.15,70,75,2.6,GL,1594919688
550,San Angelo,31.46,-100.44,307.59,43,1,4.1,US,1594919688
551,Am Timan,11.03,20.28,295.5,91,100,1.09,TD,1594919689
552,Ibicaraí,-14.87,-39.59,299.06,61,50,3.5,BR,1594919689
553,Novaya Igirma,57.13,103.91,282.45,78,43,2.31,RU,1594919689
554,Belaya Gora,68.53,146.42,279.24,79,100,1.24,RU,1594919689
555,Hastings,50.86,0.57,295.37,58,97,0.89,GB,1594919689
556,Oxbow,49.23,-102.17,294.82,71,0,2.68,CA,1594919689
557,Alexandria,31.22,29.96,300.15,61,20,6.2,EG,1594919179
558,Mandera,3.94,41.87,302.83,33,79,4.69,KE,1594919689
559,Gushikawa,26.35,127.87,300.15,88,90,4.6,JP,1594919690
560,Cascais,38.7,-9.42,309.15,20,0,9.3,PT,1594919690
561,Ploemeur,47.73,-3.43,294.26,73,75,5.1,FR,1594919690
562,Wormeldange,49.61,6.41,289.26,93,75,4.6,LU,1594919690
563,Menongue,-14.66,17.69,289.72,28,0,2.93,AO,1594919690
564,Hervey Bay,-25.3,152.85,284.26,53,0,1.79,AU,1594919690
565,Bolivar,37.61,-93.41,304.26,57,50,2.01,US,1594919598
566,Vanderhoof,54.02,-124.02,286.61,90,98,2.04,CA,1594919690
567,Chifeng,42.27,118.96,297.34,57,86,3.46,CN,1594919475
568,Palauig,15.44,119.9,301.14,74,79,2.16,PH,1594919690
569,Stillwater,36.12,-97.06,301.15,65,1,3.6,US,1594919691
570,Iğdır,39.92,44.05,302.15,35,2,7.2,TR,1594919691
571,Oranjemund,-28.55,16.43,292.63,25,0,4.5,NA,1594919691
572,Tiksi,71.69,128.87,274.82,91,10,6.9,RU,1594919691
573,Severo-Yeniseyskiy,60.37,93.04,282.34,96,49,4.4,RU,1594919691
574,Clonakilty,51.62,-8.87,295.15,53,40,5.7,IE,1594919691
575,Turukhansk,65.82,87.98,281.97,84,72,6.67,RU,1594919691
576,Itoman,26.12,127.67,301.15,88,75,4.6,JP,1594919558
577,Sturgis,41.8,-85.42,296.15,94,90,2.6,US,1594919475
578,Gizo Government Station,-8.1,156.84,300.58,81,33,7.44,SB,1594919692
